,temp,design,group,inst,CTR,FreqRef (kHz),DOUT,Freq0 (kHz)
0,-20,0,0,0,6,32.768,0,0.0
1,-20,0,0,1,6,32.768,0,0.0
2,-20,0,0,2,6,32.768,0,0.0
3,-20,0,0,3,6,32.768,1,0.007
4,-20,0,1,0,6,32.768,0,0.012
5,-20,0,1,1,6,32.768,1,0.016
6,-20,0,1,2,6,32.768,1,0.016
7,-20,0,1,3,6,32.768,0,0.0
8,-20,0,2,0,6,32.768,0,0.0
9,-20,0,2,1,6,32.768,1,0.016
10,-20,0,2,2,6,32.768,0,0.0
11,-20,0,2,3,6,32.768,1,0.016
12,-20,0,3,0,6,32.768,0,0.0
13,-20,0,3,1,6,32.768,1,0.016
14,-20,0,3,2,6,32.768,1,0.016
15,-20,0,3,3,6,32.768,73,1.296
16,-20,0,4,0,7,32.768,67,0.486
17,-20,0,4,1,7,32.768,12,0.099
18,-20,0,4,2,7,32.768,27,0.1905
19,-20,0,4,3,7,32.768,20,0.2005
20,-20,0,5,0,7,32.768,0,0.0
21,-20,0,5,1,7,32.768,1,0.009000000000000001
22,-20,0,5,2,7,32.768,53,0.34650000000000003
23,-20,0,5,3,7,32.768,15,0.1235
24,-20,0,6,0,7,32.768,1,0.008
25,-20,0,6,1,7,32.768,0,0.0
26,-20,0,6,2,7,32.768,18,0.127
27,-20,0,6,3,7,32.768,15,0.1205
28,-20,0,7,0,7,32.768,6,0.078
29,-20,0,7,1,7,32.768,25,0.1915
30,-20,0,7,2,7,32.768,30,0.2575
31,-20,0,7,3,7,32.768,25,0.1825
32,-20,1,0,0,0,32.768,1,1.024
33,-20,1,0,1,0,32.768,1,1.024
34,-20,1,0,2,0,32.768,10,10.368
35,-20,1,0,3,0,32.768,0,0.0
36,-20,1,1,0,0,32.768,1,1.024
37,-20,1,1,1,0,32.768,1,1.024
38,-20,1,1,2,0,32.768,1,1.024
39,-20,1,1,3,0,32.768,1,1.024
40,-20,1,2,0,0,32.768,1,1.024
41,-20,1,2,1,0,32.768,6850,7009.28
42,-20,1,2,2,0,32.768,1,1.024
43,-20,1,2,3,0,32.768,5014,5120.768
44,-20,1,3,0,0,32.768,8811,9036.736
45,-20,1,3,1,0,32.768,0,0.0
46,-20,1,3,2,0,32.768,1,1.088
47,-20,1,3,3,0,32.768,1,1.024
48,-20,1,4,0,0,32.768,0,0.0
49,-20,1,4,1,0,32.768,0,0.0
50,-20,1,4,2,0,32.768,1655,1694.528
51,-20,1,4,3,0,32.768,1598,1630.08
52,-20,1,5,0,0,32.768,0,0.0
53,-20,1,5,1,0,32.768,1,1.024
54,-20,1,5,2,0,32.768,61,61.824
55,-20,1,5,3,0,32.768,2322,2374.592
56,-20,1,6,0,0,32.768,3973,4061.76
57,-20,1,6,1,0,32.768,0,0.0
58,-20,1,6,2,0,32.768,3595,3695.1040000000003
59,-20,1,6,3,0,32.768,1,1.024
60,-20,1,7,0,0,32.768,0,0.0
61,-20,1,7,1,0,32.768,4609,4731.456
62,-20,1,7,2,0,32.768,4132,4220.992
63,-20,1,7,3,0,32.768,3562,3656.64
