Temp,Frequency,Power,Error,inv,header
20.0,267000.0,1.65e-09,-0.031256129,6.0,7.0
20.0,296000.0,1.8600000000000002e-09,-0.029785664,6.0,9.0
