Temp,Frequency,Power,Error,inv,header
20.0,296000.0,1.8600000000000002e-09,-0.029785664,6.0,9.0
