{
	"Iload,max":{
		"1.8": [
			3760488818383706.0,
			-313565426965240.44,
			10717554739381.408,
			-193380481579.43463,
			1976982769.9238164,
			-11433176.324708384,
			35338.93412504215,
			9862.070405745717,
			0.025306552321094973
		],
		"1.9": [
			-3133042872264883.5,
			230939586883526.34,
			-6769659145639.81,
			99196567476.27202,
			-733147052.069914,
			2143098.2294428498,
			2618.4957454550904,
			10192.242460679156,
			0.034863597088189896
		],
		"2.0": [
			6792332217795722.0,
			-556787825829554.5,
			18991492544723.71,
			-349140636769.7036,
			3749192938.7753234,
			-23858534.277102794,
			87115.83033425163,
			10434.372450185523,
			0.12268155293646803
		],
		"2.1": [
			1.341671612606854e+16,
			-1002174262044251.0,
			31375226094495.89,
			-535197350102.76733,
			5410462005.012848,
			-32998462.246565215,
			117876.87040702451,
			10852.358068329666,
			0.16740762128260667
		],
		"2.2": [
			2.9713154809640044e+16,
			-2232436519132616.5,
			70093110143914.32,
			-1192412280324.038,
			11907348160.229328,
			-70587913.7944126,
			238686.66655249643,
			11250.85707392007,
			0.2765815394718648
		],
		"2.3": [
			5.475412654356304e+16,
			-3924660161852543.0,
			116758290430325.31,
			-1867953862030.6348,
			17427289804.093365,
			-96261292.5860151,
			304918.06151142763,
			11891.48036440498,
			0.3255521620219943
		],
		"2.4": [
			1.4288123441920437e+17,
			-9127921425687582.0,
			243476096379623.72,
			-3521481342264.5146,
			30001774337.75488,
			-152899032.28221923,
			450415.28126001876,
			12616.651519625737,
			0.41706510382589385
		],
		"2.5": [
			-4.326377399047088e+16,
			1646410008843880.0,
			-12050718486865.13,
			-329120879485.5116,
			7524749320.705449,
			-64406006.963211626,
			268736.95341689844,
			13949.695092157064,
			0.37289810314436445
		],
		"2.6": [
			1.5469410004539914e+17,
			-1.1906156188328148e+16,
			357430464854060.1,
			-5548617174510.278,
			48805232968.70091,
			-247866699.12141165,
			704111.6198977235,
			14988.507942387214,
			0.5587592825433805
		],
		"2.7": [
			1.7741930014320056e+18,
			-8.870503365115899e+16,
			1852026009306430.0,
			-20957642374294.156,
			139477971708.11908,
			-553556868.5038716,
			1264604.6487669921,
			16562.710073003127,
			0.7017627392610596
		],
		"2.8": [
			1.3017340826045501e+19,
			-5.081278122877043e+17,
			8267585165597116.0,
			-72940930917905.47,
			380268085920.14954,
			-1195724205.9387958,
			2206073.7850893936,
			18815.228439600483,
			0.8532224598940743
		],
		"2.9": [
			1.0213163140705023e+20,
			-3.3583349267997076e+18,
			4.574893223648746e+16,
			-334768801358848.1,
			1428559010023.009,
			-3616218711.4013195,
			5275850.0553849,
			21359.73372314412,
			1.2205918872730774
		],
		"3.0": [
			1.9975540752712198e+20,
			-6.60978636875448e+18,
			8.748834504375928e+16,
			-607863223074038.2,
			2423051309354.426,
			-5652292533.247798,
			7486013.125578459,
			27682.06681543805,
			1.3415015662464356
		],
		"3.1": [
			1.0167143484257252e+22,
			-1.8438545337456974e+20,
			1.419820963499251e+18,
			-6043856298209603.0,
			15445564218460.738,
			-23965319370.65876,
			21655468.252076443,
			37382.95470874484,
			1.8581148668365448
		],
		"3.2": [
			8.659011493371069e+24,
			-7.912792225595562e+22,
			3.0051154554474077e+20,
			-6.154410137230821e+17,
			738079131706545.1,
			-526526224202.08704,
			216133701.38207275,
			45776.55832899788,
			3.8802850823133985
		]
	}
}
