{
  "Iload,max": {
    "0.6": [
      5.127384401331953e+21,
      -1.0073894416927582e+20,
      7.626530773045208e+17,
      -2793849467637568.5,
      5049146513693.409,
      -3890069977.739366,
      947509.8653770528,
      76313.40504300648,
      -0.05084019050432836
    ],
    "0.7": [
      1.4232305985510994e+19,
      -7.030858693281249e+17,
      1.3660447159860558e+16,
      -132978168789611.67,
      683844472527.0679,
      -1791704662.9647512,
      2280492.194941298,
      29243.39863404622,
      0.05477272252005879
    ],
    "0.8": [
      5.2594835714046163e+17,
      -4.359590411787315e+16,
      1433047416428926.8,
      -23879477448208.773,
      213982379699.77985,
      -1006705501.7622911,
      2346464.2116367198,
      15511.073561115441,
      0.3397372344684998
    ],
    "0.9": [
      7.702217481441224e+16,
      -8717129121597487.0,
      393174326189848.7,
      -9046774940511.572,
      112898844346.27396,
      -748876471.3253552,
      2471276.087111849,
      9333.306479756871,
      0.8186667908784687
    ],
    "1.0": [
      2.2628168911669548e+16,
      -3129646079436757.5,
      172988649341559.4,
      -4894728336742.8125,
      75440532436.87518,
      -621557277.0282336,
      2550207.053388455,
      5828.6388777903085,
      1.383481419837859
    ],
    "1.1": [
      9660431838624816.0,
      -1533974065001098.8,
      97533656656937.17,
      -3181710614751.928,
      56688492571.65228,
      -541678754.2967259,
      2578917.8003382282,
      3591.32362463489,
      1.9481164342949802
    ],
    "1.2": [
      5171953636945771.0,
      -907254263138877.5,
      63813547511724.45,
      -2306440151197.0083,
      45610916812.107956,
      -484718102.3239642,
      2567615.87132825,
      2087.8951766841687,
      2.4547208561845673
    ],
    "1.3": [
      3209408886644089.5,
      -606401576110484.5,
      45986630328455.14,
      -1793998215060.7268,
      38338352229.127,
      -440872240.94928676,
      2527901.642818936,
      1058.7656340463043,
      2.876388941166956
    ]
  },
  "area": [
    1.3907983452417888e-15,
    -1.9565152976541327e-12,
    9.862879978161126e-10,
    -1.937648249301118e-07,
    -7.472023714127504e-07,
    0.005915358877332613,
    -0.8926463781572779,
    129.75061664950687,
    1088.6677838899861
  ],
  "power": {}
}
