,temp,design,group,inst,CTR,FreqRef (kHz),DOUT,Freq0 (kHz)
0,10,0,0,0,6,32.768,0,0.0
1,10,0,0,1,6,32.768,377,6.139
2,10,0,0,2,6,32.768,1,0.016
3,10,0,0,3,6,32.768,367,5.869
4,10,0,1,0,6,32.768,752,12.011000000000001
5,10,0,1,1,6,32.768,612,9.836
6,10,0,1,2,6,32.768,0,0.0
7,10,0,1,3,6,32.768,464,7.41
8,10,0,2,0,6,32.768,0,0.0
9,10,0,2,1,6,32.768,0,0.0
10,10,0,2,2,6,32.768,7,0.07200000000000001
11,10,0,2,3,6,32.768,0,0.0
12,10,0,3,0,6,32.768,0,0.0
13,10,0,3,1,6,32.768,329,5.2540000000000004
14,10,0,3,2,6,32.768,0,0.0
15,10,0,3,3,6,32.768,491,7.827
16,10,0,4,0,7,32.768,0,0.0
17,10,0,4,1,7,32.768,134,1.071
18,10,0,4,2,7,32.768,95,0.7565000000000001
19,10,0,4,3,7,32.768,0,0.0
20,10,0,5,0,7,32.768,229,1.799
21,10,0,5,1,7,32.768,1,0.008
22,10,0,5,2,7,32.768,2,0.0095
23,10,0,5,3,7,32.768,135,1.087
24,10,0,6,0,7,32.768,180,1.552
25,10,0,6,1,7,32.768,157,1.258
26,10,0,6,2,7,32.768,140,1.1075
27,10,0,6,3,7,32.768,132,1.0565
28,10,0,7,0,7,32.768,145,1.1575
29,10,0,7,1,7,32.768,187,1.4995
30,10,0,7,2,7,32.768,139,1.121
31,10,0,7,3,7,32.768,173,1.3905
32,10,1,0,0,0,32.768,0,0.0
33,10,1,0,1,0,32.768,1,1.024
34,10,1,0,2,0,32.768,0,0.0
35,10,1,0,3,0,32.768,0,0.0
36,10,1,1,0,0,32.768,1,1.024
37,10,1,1,1,0,32.768,0,0.0
38,10,1,1,2,0,32.768,1,1.024
39,10,1,1,3,0,32.768,8649,8859.776
40,10,1,2,0,0,32.768,15766,16110.208
41,10,1,2,1,0,32.768,1,1.024
42,10,1,2,2,0,32.768,0,0.0
43,10,1,2,3,0,32.768,11276,11508.288
44,10,1,3,0,0,32.768,0,0.0
45,10,1,3,1,0,32.768,16347,16688.64
46,10,1,3,2,0,32.768,1,1.024
47,10,1,3,3,0,32.768,13963,14248.128
48,10,1,4,0,0,32.768,5309,5446.592000000001
49,10,1,4,1,0,32.768,1,1.024
50,10,1,4,2,0,32.768,1738,1563.776
51,10,1,4,3,0,32.768,3273,3347.904
52,10,1,5,0,0,32.768,0,0.0
53,10,1,5,1,0,32.768,1,1.024
54,10,1,5,2,0,32.768,0,0.0
55,10,1,5,3,0,32.768,4852,4960.704
56,10,1,6,0,0,32.768,1,1.024
57,10,1,6,1,0,32.768,8242,8460.352
58,10,1,6,2,0,32.768,7940,8125.952
59,10,1,6,3,0,32.768,7330,7522.112
60,10,1,7,0,0,32.768,13232,13501.632
61,10,1,7,1,0,32.768,1,1.024
62,10,1,7,2,0,32.768,9231,9468.352
63,10,1,7,3,0,32.768,8193,8416.32
