{"ugb": 33262790.0, "dcGain": 66.01914, "phaseMargin": 62.0, "Ibias_diffpair": 1.06993205e-05, "Ibias_commonsource": 2.21861111e-05, "Ibias_output": 9.35e-05, "area": 47939.75594998075, "power": 0.000546523847, "noise": 3.9531001, "bw_3db": 7962.968, "power_twostage": 0.000209923847}