{"unity gain bandwidth": 13844398.0, "dc gain": 66.52353580000003, "phase margin": 84.28, "ibias_diff": 5.039385475400001e-06, "ibias_cs": 1.0449669692999998e-05, "ibias_out": 9.349999999999991e-05, "area": 47939.755900000026, "power": 0.0004346434165999998, "noise": 4.836155124999999, "3db bandwidth": 3309.127059999999, "two stage power": 9.804341657199995e-05}