{"unity gain bandwidth": 674734758516.0, "dc gain": 0.0004632655963598945, "phase margin": 0.48160000000000025, "ibias_diff": 8.904025866969134e-14, "ibias_cs": 3.8285679910532956e-13, "ibias_out": 6.612155723375367e-39, "area": 8.470329472543003e-22, "power": 3.521160625110699e-11, "noise": 0.00031913416941348834, "3db bandwidth": 31892.01486929639, "two stage power": 3.521160707470663e-11}