{"ugb": 674734758516.0, "dcGain": 0.0004632655963598945, "phaseMargin": 0.48160000000000025, "Ibias_diffpair": 8.904025866969134e-14, "Ibias_commonsource": 3.8285679910532956e-13, "Ibias_output": 6.612155723375367e-39, "area": 8.470329472543003e-22, "power": 3.521160625110699e-11, "noise": 0.00031913416941348834, "bw_3db": 31892.01486929639, "power_twostage": 3.521160707470663e-11}